{"benign": {"precision": 0.9585010409437891, "recall": 0.4364256825075834, "f1-score": 0.5997655130487646, "support": 15824.0}, "malicious": {"precision": 0.9636298383774944, "recall": 0.9987361675867141, "f1-score": 0.9808689804330996, "support": 236582.0}, "accuracy": 0.9634834354175416, "macro avg": {"precision": 0.9610654396606417, "recall": 0.7175809250471488, "f1-score": 0.7903172467409321, "support": 252406.0}, "weighted avg": {"precision": 0.9633083004957049, "recall": 0.9634834354175416, "f1-score": 0.9569765956724771, "support": 252406.0}}