{"benign": {"precision": 0.9939804364183596, "recall": 0.41740394337714865, "f1-score": 0.5879211357870844, "support": 15824.0}, "malicious": {"precision": 0.9624879456056901, "recall": 0.9998309254296608, "f1-score": 0.9808041165726465, "support": 236582.0}, "accuracy": 0.9633170368374762, "macro avg": {"precision": 0.9782341910120249, "recall": 0.7086174344034047, "f1-score": 0.7843626261798655, "support": 252406.0}, "weighted avg": {"precision": 0.9644622931830841, "recall": 0.9633170368374762, "f1-score": 0.9561732429486015, "support": 252406.0}}