{"addisplay": {"precision": 0.0, "recall": 0.0, "f1-score": 0.0, "support": 3491.0}, "addisplay++adware": {"precision": 0.0, "recall": 0.0, "f1-score": 0.0, "support": 59.0}, "adload": {"precision": 0.2872340425531915, "recall": 0.40298507462686567, "f1-score": 0.3354037267080746, "support": 67.0}, "adsware": {"precision": 0.0, "recall": 0.0, "f1-score": 0.0, "support": 530.0}, "adware": {"precision": 0.75696243665522, "recall": 0.9744759514279899, "f1-score": 0.8520565279500957, "support": 176892.0}, "adware++adware": {"precision": 0.9615384615384616, "recall": 0.0998003992015968, "f1-score": 0.18083182640144665, "support": 501.0}, "adware++grayware++virus": {"precision": 0.1638655462184874, "recall": 0.23353293413173654, "f1-score": 0.1925925925925926, "support": 167.0}, "adware++virus": {"precision": 0.0, "recall": 0.0, "f1-score": 0.0, "support": 55.0}, "adwareare": {"precision": 0.012987012987012988, "recall": 0.03225806451612903, "f1-score": 0.018518518518518517, "support": 31.0}, "backdoor": {"precision": 0.0, "recall": 0.0, "f1-score": 0.0, "support": 121.0}, "banker++trojan": {"precision": 0.0, "recall": 0.0, "f1-score": 0.0, "support": 221.0}, "benign": {"precision": 0.6899467222608293, "recall": 0.376453488372093, "f1-score": 0.48712077847738977, "support": 15824.0}, "click": {"precision": 0.23880597014925373, "recall": 0.7272727272727273, "f1-score": 0.3595505617977528, "support": 22.0}, "clicker": {"precision": 0.0, "recall": 0.0, "f1-score": 0.0, "support": 53.0}, "clicker++trojan": {"precision": 0.47317073170731705, "recall": 0.33856893542757416, "f1-score": 0.3947100712105799, "support": 573.0}, "clickfraud++riskware": {"precision": 0.23880597014925373, "recall": 0.6486486486486487, "f1-score": 0.3490909090909091, "support": 74.0}, "downloader": {"precision": 0.3584637268847795, "recall": 0.7567567567567568, "f1-score": 0.48648648648648657, "support": 999.0}, "dropper++trojan": {"precision": 0.4, "recall": 0.03361344537815126, "f1-score": 0.06201550387596899, "support": 119.0}, "exploit": {"precision": 0.7616345062429057, "recall": 0.6012544802867383, "f1-score": 0.672008012018027, "support": 1116.0}, "fakeangry": {"precision": 0.0, "recall": 0.0, "f1-score": 0.0, "support": 42.0}, "fakeapp": {"precision": 0.11934900542495479, "recall": 0.7764705882352941, "f1-score": 0.20689655172413793, "support": 85.0}, "fakeapp++trojan": {"precision": 0.14655172413793102, "recall": 0.3333333333333333, "f1-score": 0.20359281437125748, "support": 51.0}, "fakeinst++trojan": {"precision": 0.5454545454545454, "recall": 0.2097902097902098, "f1-score": 0.30303030303030304, "support": 143.0}, "gray": {"precision": 0.0, "recall": 0.0, "f1-score": 0.0, "support": 185.0}, "hacktool": {"precision": 0.0, "recall": 0.0, "f1-score": 0.0, "support": 109.0}, "malware": {"precision": 0.0, "recall": 0.0, "f1-score": 0.0, "support": 501.0}, "malware++trj": {"precision": 0.725609756097561, "recall": 0.9754098360655737, "f1-score": 0.8321678321678323, "support": 122.0}, "monitor": {"precision": 0.6217228464419475, "recall": 0.6125461254612546, "f1-score": 0.617100371747212, "support": 271.0}, "ransom++trojan": {"precision": 0.5267489711934157, "recall": 0.5541125541125541, "f1-score": 0.540084388185654, "support": 231.0}, "risktool++riskware++virus": {"precision": 0.0, "recall": 0.0, "f1-score": 0.0, "support": 30.0}, "riskware": {"precision": 0.0, "recall": 0.0, "f1-score": 0.0, "support": 6353.0}, "riskware++smssend": {"precision": 0.09448818897637795, "recall": 0.24489795918367346, "f1-score": 0.13636363636363635, "support": 49.0}, "rog": {"precision": 0.5043478260869565, "recall": 0.2936708860759494, "f1-score": 0.37120000000000003, "support": 395.0}, "rootnik++trojan": {"precision": 0.0, "recall": 0.0, "f1-score": 0.0, "support": 45.0}, "smssend": {"precision": 0.0, "recall": 0.0, "f1-score": 0.0, "support": 653.0}, "smssend++trojan": {"precision": 0.9883720930232558, "recall": 0.0989522700814901, "f1-score": 0.17989417989417988, "support": 859.0}, "spr": {"precision": 0.0, "recall": 0.0, "f1-score": 0.0, "support": 2765.0}, "spy": {"precision": 0.5782122905027933, "recall": 0.6291793313069909, "f1-score": 0.6026200873362445, "support": 329.0}, "spy++trojan": {"precision": 0.0, "recall": 0.0, "f1-score": 0.0, "support": 24.0}, "spyware": {"precision": 0.7182320441988951, "recall": 0.19726858877086495, "f1-score": 0.3095238095238095, "support": 1318.0}, "trj": {"precision": 0.0, "recall": 0.0, "f1-score": 0.0, "support": 188.0}, "troj": {"precision": 0.0, "recall": 0.0, "f1-score": 0.0, "support": 662.0}, "trojan": {"precision": 0.555984555984556, "recall": 0.14459847702992942, "f1-score": 0.22950747094631985, "support": 35851.0}, "trojandownloader": {"precision": 0.0, "recall": 0.0, "f1-score": 0.0, "support": 113.0}, "trojandropper": {"precision": 0.0, "recall": 0.0, "f1-score": 0.0, "support": 35.0}, "virus": {"precision": 1.0, "recall": 0.2631578947368421, "f1-score": 0.4166666666666667, "support": 38.0}, "worm": {"precision": 0.0, "recall": 0.0, "f1-score": 0.0, "support": 44.0}, "accuracy": 0.7390474077478348, "macro avg": {"precision": 0.2652869994653171, "recall": 0.22465976511129718, "f1-score": 0.19870284312947012, "support": 252406.0}, "weighted avg": {"precision": 0.671661662077651, "recall": 0.7390474077478348, "f1-score": 0.6723374911676661, "support": 252406.0}}