{"benign": {"precision": 0.9956456204990789, "recall": 0.3756951466127401, "f1-score": 0.5455379674237211, "support": 15824.0}, "malicious": {"precision": 0.9599123501126058, "recall": 0.9998901015292795, "f1-score": 0.9794934753849244, "support": 236582.0}, "accuracy": 0.9607576682012313, "macro avg": {"precision": 0.9777789853058423, "recall": 0.6877926240710098, "f1-score": 0.7625157214043228, "support": 252406.0}, "weighted avg": {"precision": 0.9621525633824787, "recall": 0.9607576682012313, "f1-score": 0.9522876563553526, "support": 252406.0}}