{"addisplay": {"precision": 0.6169544740973313, "recall": 0.11257519335433973, "f1-score": 0.19040697674418605, "support": 3491.0}, "addisplay++adware": {"precision": 0.011343804537521814, "recall": 0.22033898305084745, "f1-score": 0.021576763485477178, "support": 59.0}, "adload": {"precision": 0.3448275862068966, "recall": 0.14925373134328357, "f1-score": 0.20833333333333331, "support": 67.0}, "adsware": {"precision": 0.07407407407407407, "recall": 0.007547169811320755, "f1-score": 0.013698630136986302, "support": 530.0}, "adware": {"precision": 0.7679722224747084, "recall": 0.9552721434547634, "f1-score": 0.8514433420839149, "support": 176892.0}, "adware++adware": {"precision": 0.48363636363636364, "recall": 0.2654690618762475, "f1-score": 0.3427835051546392, "support": 501.0}, "adware++grayware++virus": {"precision": 0.21, "recall": 0.12574850299401197, "f1-score": 0.15730337078651685, "support": 167.0}, "adware++virus": {"precision": 0.03317535545023697, "recall": 0.12727272727272726, "f1-score": 0.05263157894736842, "support": 55.0}, "adwareare": {"precision": 0.043478260869565216, "recall": 0.03225806451612903, "f1-score": 0.037037037037037035, "support": 31.0}, "backdoor": {"precision": 0.0, "recall": 0.0, "f1-score": 0.0, "support": 121.0}, "banker++trojan": {"precision": 0.3422818791946309, "recall": 0.23076923076923078, "f1-score": 0.2756756756756757, "support": 221.0}, "benign": {"precision": 0.5768055191686315, "recall": 0.41740394337714865, "f1-score": 0.4843263061411549, "support": 15824.0}, "click": {"precision": 0.14754098360655737, "recall": 0.8181818181818182, "f1-score": 0.24999999999999997, "support": 22.0}, "clicker": {"precision": 1.0, "recall": 0.1320754716981132, "f1-score": 0.23333333333333334, "support": 53.0}, "clicker++trojan": {"precision": 0.2390552995391705, "recall": 0.7242582897033158, "f1-score": 0.35946297098310953, "support": 573.0}, "clickfraud++riskware": {"precision": 0.30357142857142855, "recall": 0.918918918918919, "f1-score": 0.4563758389261745, "support": 74.0}, "downloader": {"precision": 0.4154200230149597, "recall": 0.7227227227227228, "f1-score": 0.5275849470222872, "support": 999.0}, "dropper++trojan": {"precision": 0.14028776978417265, "recall": 0.3277310924369748, "f1-score": 0.1964735516372796, "support": 119.0}, "exploit": {"precision": 0.8177727784026997, "recall": 0.6514336917562724, "f1-score": 0.7251870324189527, "support": 1116.0}, "fakeangry": {"precision": 0.42857142857142855, "recall": 0.07142857142857142, "f1-score": 0.12244897959183672, "support": 42.0}, "fakeapp": {"precision": 0.26744186046511625, "recall": 0.27058823529411763, "f1-score": 0.26900584795321636, "support": 85.0}, "fakeapp++trojan": {"precision": 0.05325443786982249, "recall": 0.17647058823529413, "f1-score": 0.08181818181818182, "support": 51.0}, "fakeinst++trojan": {"precision": 0.20105820105820105, "recall": 0.26573426573426573, "f1-score": 0.2289156626506024, "support": 143.0}, "gray": {"precision": 0.1111111111111111, "recall": 0.31351351351351353, "f1-score": 0.16407355021216408, "support": 185.0}, "hacktool": {"precision": 0.0, "recall": 0.0, "f1-score": 0.0, "support": 109.0}, "malware": {"precision": 0.0, "recall": 0.0, "f1-score": 0.0, "support": 501.0}, "malware++trj": {"precision": 0.725609756097561, "recall": 0.9754098360655737, "f1-score": 0.8321678321678323, "support": 122.0}, "monitor": {"precision": 0.36178107606679033, "recall": 0.7195571955719557, "f1-score": 0.4814814814814815, "support": 271.0}, "ransom++trojan": {"precision": 0.27992957746478875, "recall": 0.6883116883116883, "f1-score": 0.3979974968710889, "support": 231.0}, "risktool++riskware++virus": {"precision": 0.0, "recall": 0.0, "f1-score": 0.0, "support": 30.0}, "riskware": {"precision": 0.46534653465346537, "recall": 0.036990398237053364, "f1-score": 0.06853310002916303, "support": 6353.0}, "riskware++smssend": {"precision": 0.4444444444444444, "recall": 0.16326530612244897, "f1-score": 0.23880597014925373, "support": 49.0}, "rog": {"precision": 0.6483050847457628, "recall": 0.38734177215189874, "f1-score": 0.48494453248811414, "support": 395.0}, "rootnik++trojan": {"precision": 0.04112554112554113, "recall": 0.4222222222222222, "f1-score": 0.07495069033530573, "support": 45.0}, "smssend": {"precision": 0.40540540540540543, "recall": 0.022970903522205207, "f1-score": 0.043478260869565216, "support": 653.0}, "smssend++trojan": {"precision": 0.8214285714285714, "recall": 0.16065192083818394, "f1-score": 0.2687439143135346, "support": 859.0}, "spr": {"precision": 0.6945996275605214, "recall": 0.1349005424954792, "f1-score": 0.22592368261659598, "support": 2765.0}, "spy": {"precision": 0.5931232091690545, "recall": 0.6291793313069909, "f1-score": 0.6106194690265487, "support": 329.0}, "spy++trojan": {"precision": 0.0, "recall": 0.0, "f1-score": 0.0, "support": 24.0}, "spyware": {"precision": 0.8581560283687943, "recall": 0.09180576631259484, "f1-score": 0.1658670322138451, "support": 1318.0}, "trj": {"precision": 0.6296296296296297, "recall": 0.09042553191489362, "f1-score": 0.15813953488372093, "support": 188.0}, "troj": {"precision": 0.16666666666666666, "recall": 0.0030211480362537764, "f1-score": 0.005934718100890208, "support": 662.0}, "trojan": {"precision": 0.6176714437995973, "recall": 0.1454631669967365, "f1-score": 0.2354720729669933, "support": 35851.0}, "trojandownloader": {"precision": 0.22105263157894736, "recall": 0.18584070796460178, "f1-score": 0.20192307692307693, "support": 113.0}, "trojandropper": {"precision": 1.0, "recall": 0.02857142857142857, "f1-score": 0.05555555555555556, "support": 35.0}, "virus": {"precision": 1.0, "recall": 0.2631578947368421, "f1-score": 0.4166666666666667, "support": 38.0}, "worm": {"precision": 0.0, "recall": 0.0, "f1-score": 0.0, "support": 44.0}, "accuracy": 0.7343446669255089, "macro avg": {"precision": 0.374551278508727, "recall": 0.28055431261325536, "f1-score": 0.23866173412197153, "support": 252406.0}, "weighted avg": {"precision": 0.7106665411472686, "recall": 0.7343446669255089, "f1-score": 0.6803556514042038, "support": 252406.0}}