{"addisplay": {"precision": 0.4529737206085754, "recall": 0.18762532225723288, "f1-score": 0.2653433259064209, "support": 3491.0}, "addisplay++adware": {"precision": 0.029411764705882353, "recall": 0.2033898305084746, "f1-score": 0.05139186295503212, "support": 59.0}, "adload": {"precision": 0.12814070351758794, "recall": 0.7611940298507462, "f1-score": 0.21935483870967742, "support": 67.0}, "adsware": {"precision": 0.0, "recall": 0.0, "f1-score": 0.0, "support": 530.0}, "adware": {"precision": 0.8039138718417601, "recall": 0.9493702372068833, "f1-score": 0.8706083620622619, "support": 176892.0}, "adware++adware": {"precision": 0.37662337662337664, "recall": 0.1157684630738523, "f1-score": 0.1770992366412214, "support": 501.0}, "adware++grayware++virus": {"precision": 0.2084130019120459, "recall": 0.6526946107784432, "f1-score": 0.3159420289855073, "support": 167.0}, "adware++virus": {"precision": 0.057692307692307696, "recall": 0.21818181818181817, "f1-score": 0.09125475285171104, "support": 55.0}, "adwareare": {"precision": 0.03787878787878788, "recall": 0.6451612903225806, "f1-score": 0.07155635062611806, "support": 31.0}, "backdoor": {"precision": 0.0, "recall": 0.0, "f1-score": 0.0, "support": 121.0}, "banker++trojan": {"precision": 0.22318840579710145, "recall": 0.34841628959276016, "f1-score": 0.27208480565371024, "support": 221.0}, "benign": {"precision": 0.7693660252026961, "recall": 0.4977249747219414, "f1-score": 0.6044280725989025, "support": 15824.0}, "click": {"precision": 0.10152284263959391, "recall": 0.9090909090909091, "f1-score": 0.18264840182648404, "support": 22.0}, "clicker": {"precision": 0.061946902654867256, "recall": 0.1320754716981132, "f1-score": 0.08433734939759036, "support": 53.0}, "clicker++trojan": {"precision": 0.46438746438746437, "recall": 0.8534031413612565, "f1-score": 0.6014760147601476, "support": 573.0}, "clickfraud++riskware": {"precision": 0.31718061674008813, "recall": 0.972972972972973, "f1-score": 0.47840531561461797, "support": 74.0}, "downloader": {"precision": 0.42043452730475633, "recall": 0.7167167167167167, "f1-score": 0.5299777942264988, "support": 999.0}, "dropper++trojan": {"precision": 0.1053763440860215, "recall": 0.4117647058823529, "f1-score": 0.1678082191780822, "support": 119.0}, "exploit": {"precision": 0.6969192339716903, "recall": 0.75, "f1-score": 0.7224859732412603, "support": 1116.0}, "fakeangry": {"precision": 0.04735376044568245, "recall": 0.40476190476190477, "f1-score": 0.08478802992518704, "support": 42.0}, "fakeapp": {"precision": 0.10040160642570281, "recall": 0.8823529411764706, "f1-score": 0.18028846153846154, "support": 85.0}, "fakeapp++trojan": {"precision": 0.06313993174061433, "recall": 0.7254901960784313, "f1-score": 0.1161695447409733, "support": 51.0}, "fakeinst++trojan": {"precision": 0.17866004962779156, "recall": 0.5034965034965035, "f1-score": 0.26373626373626374, "support": 143.0}, "gray": {"precision": 0.08031272210376687, "recall": 0.6108108108108108, "f1-score": 0.14195979899497488, "support": 185.0}, "hacktool": {"precision": 0.0471311475409836, "recall": 0.21100917431192662, "f1-score": 0.07705192629815744, "support": 109.0}, "malware": {"precision": 0.05782312925170068, "recall": 0.033932135728542916, "f1-score": 0.04276729559748428, "support": 501.0}, "malware++trj": {"precision": 0.725609756097561, "recall": 0.9754098360655737, "f1-score": 0.8321678321678323, "support": 122.0}, "monitor": {"precision": 0.6967213114754098, "recall": 0.940959409594096, "f1-score": 0.8006279434850864, "support": 271.0}, "ransom++trojan": {"precision": 0.37100213219616207, "recall": 0.7532467532467533, "f1-score": 0.4971428571428572, "support": 231.0}, "risktool++riskware++virus": {"precision": 0.051094890510948905, "recall": 0.23333333333333334, "f1-score": 0.08383233532934131, "support": 30.0}, "riskware": {"precision": 0.47627416520210897, "recall": 0.042657012435070044, "f1-score": 0.07830106905518637, "support": 6353.0}, "riskware++smssend": {"precision": 0.07784431137724551, "recall": 0.2653061224489796, "f1-score": 0.12037037037037038, "support": 49.0}, "rog": {"precision": 0.42436974789915966, "recall": 0.5113924050632911, "f1-score": 0.4638346727898967, "support": 395.0}, "rootnik++trojan": {"precision": 0.043478260869565216, "recall": 0.26666666666666666, "f1-score": 0.07476635514018691, "support": 45.0}, "smssend": {"precision": 0.27973568281938327, "recall": 0.19448698315467075, "f1-score": 0.22944896115627822, "support": 653.0}, "smssend++trojan": {"precision": 0.6598360655737705, "recall": 0.18742724097788127, "f1-score": 0.2919310970081596, "support": 859.0}, "spr": {"precision": 0.6676384839650146, "recall": 0.16564195298372514, "f1-score": 0.2654303100550565, "support": 2765.0}, "spy": {"precision": 0.5570291777188329, "recall": 0.6382978723404256, "f1-score": 0.594900849858357, "support": 329.0}, "spy++trojan": {"precision": 0.025, "recall": 0.2916666666666667, "f1-score": 0.046052631578947366, "support": 24.0}, "spyware": {"precision": 0.6480836236933798, "recall": 0.2822458270106222, "f1-score": 0.39323467230443976, "support": 1318.0}, "trj": {"precision": 0.0, "recall": 0.0, "f1-score": 0.0, "support": 188.0}, "troj": {"precision": 0.23232323232323232, "recall": 0.03474320241691843, "f1-score": 0.060446780551905395, "support": 662.0}, "trojan": {"precision": 0.6175131854634781, "recall": 0.23840339181612785, "f1-score": 0.3439990340497464, "support": 35851.0}, "trojandownloader": {"precision": 0.1373134328358209, "recall": 0.40707964601769914, "f1-score": 0.20535714285714285, "support": 113.0}, "trojandropper": {"precision": 0.08292682926829269, "recall": 0.4857142857142857, "f1-score": 0.14166666666666666, "support": 35.0}, "virus": {"precision": 0.14, "recall": 0.5526315789473685, "f1-score": 0.22340425531914898, "support": 38.0}, "worm": {"precision": 0.04918032786885246, "recall": 0.13636363636363635, "f1-score": 0.07228915662650602, "support": 44.0}, "accuracy": 0.7543323058881326, "macro avg": {"precision": 0.27219503961402264, "recall": 0.4319378356137326, "f1-score": 0.26451423445914596, "support": 252406.0}, "weighted avg": {"precision": 0.7422893211610674, "recall": 0.7543323058881326, "f1-score": 0.720948948881847, "support": 252406.0}}