{"addisplay": {"precision": 0.5615763546798029, "recall": 0.16327699799484388, "f1-score": 0.2529960053262317, "support": 3491.0}, "addisplay++adware": {"precision": 0.058333333333333334, "recall": 0.11864406779661017, "f1-score": 0.0782122905027933, "support": 59.0}, "adload": {"precision": 0.21363636363636362, "recall": 0.7014925373134329, "f1-score": 0.32752613240418116, "support": 67.0}, "adsware": {"precision": 0.0, "recall": 0.0, "f1-score": 0.0, "support": 530.0}, "adware": {"precision": 0.7801856455401738, "recall": 0.9669402799448251, "f1-score": 0.863581629123993, "support": 176892.0}, "adware++adware": {"precision": 0.8360655737704918, "recall": 0.10179640718562874, "f1-score": 0.18149466192170818, "support": 501.0}, "adware++grayware++virus": {"precision": 0.17119565217391305, "recall": 0.7544910179640718, "f1-score": 0.27906976744186046, "support": 167.0}, "adware++virus": {"precision": 0.0625, "recall": 0.01818181818181818, "f1-score": 0.02816901408450704, "support": 55.0}, "adwareare": {"precision": 0.027597402597402596, "recall": 0.5483870967741935, "f1-score": 0.05255023183925811, "support": 31.0}, "backdoor": {"precision": 0.22727272727272727, "recall": 0.04132231404958678, "f1-score": 0.06993006993006992, "support": 121.0}, "banker++trojan": {"precision": 0.1639784946236559, "recall": 0.27601809954751133, "f1-score": 0.2057335581787521, "support": 221.0}, "benign": {"precision": 0.8223591323321782, "recall": 0.4048913043478261, "f1-score": 0.5426212153292399, "support": 15824.0}, "click": {"precision": 0.17272727272727273, "recall": 0.8636363636363636, "f1-score": 0.28787878787878785, "support": 22.0}, "clicker": {"precision": 0.025, "recall": 0.20754716981132076, "f1-score": 0.044624746450304266, "support": 53.0}, "clicker++trojan": {"precision": 0.5177809388335705, "recall": 0.6352530541012217, "f1-score": 0.5705329153605017, "support": 573.0}, "clickfraud++riskware": {"precision": 0.20833333333333334, "recall": 0.9459459459459459, "f1-score": 0.34146341463414637, "support": 74.0}, "downloader": {"precision": 0.4032258064516129, "recall": 0.7507507507507507, "f1-score": 0.5246589716684155, "support": 999.0}, "dropper++trojan": {"precision": 0.16151202749140894, "recall": 0.3949579831932773, "f1-score": 0.2292682926829268, "support": 119.0}, "exploit": {"precision": 0.7997967479674797, "recall": 0.7051971326164874, "f1-score": 0.7495238095238095, "support": 1116.0}, "fakeangry": {"precision": 0.16, "recall": 0.19047619047619047, "f1-score": 0.17391304347826086, "support": 42.0}, "fakeapp": {"precision": 0.10678210678210678, "recall": 0.8705882352941177, "f1-score": 0.19023136246786634, "support": 85.0}, "fakeapp++trojan": {"precision": 0.06191950464396285, "recall": 0.7843137254901961, "f1-score": 0.11477761836441892, "support": 51.0}, "fakeinst++trojan": {"precision": 0.5, "recall": 0.3986013986013986, "f1-score": 0.443579766536965, "support": 143.0}, "gray": {"precision": 0.0877025738798856, "recall": 0.4972972972972973, "f1-score": 0.14910858995137766, "support": 185.0}, "hacktool": {"precision": 0.08424908424908426, "recall": 0.21100917431192662, "f1-score": 0.12041884816753928, "support": 109.0}, "malware": {"precision": 0.0, "recall": 0.0, "f1-score": 0.0, "support": 501.0}, "malware++trj": {"precision": 0.7041420118343196, "recall": 0.9754098360655737, "f1-score": 0.8178694158075601, "support": 122.0}, "monitor": {"precision": 0.4779270633397313, "recall": 0.9188191881918819, "f1-score": 0.6287878787878788, "support": 271.0}, "ransom++trojan": {"precision": 0.43, "recall": 0.7445887445887446, "f1-score": 0.5451664025356576, "support": 231.0}, "risktool++riskware++virus": {"precision": 0.09090909090909091, "recall": 0.16666666666666666, "f1-score": 0.11764705882352942, "support": 30.0}, "riskware": {"precision": 0.5737704918032787, "recall": 0.027546041240358886, "f1-score": 0.05256833884049264, "support": 6353.0}, "riskware++smssend": {"precision": 0.07407407407407407, "recall": 0.24489795918367346, "f1-score": 0.11374407582938387, "support": 49.0}, "rog": {"precision": 0.584375, "recall": 0.47341772151898737, "f1-score": 0.5230769230769231, "support": 395.0}, "rootnik++trojan": {"precision": 0.04807692307692308, "recall": 0.2222222222222222, "f1-score": 0.07905138339920949, "support": 45.0}, "smssend": {"precision": 0.6111111111111112, "recall": 0.06738131699846861, "f1-score": 0.12137931034482759, "support": 653.0}, "smssend++trojan": {"precision": 0.838150289017341, "recall": 0.16880093131548313, "f1-score": 0.2810077519379845, "support": 859.0}, "spr": {"precision": 0.9029850746268657, "recall": 0.13128390596745027, "f1-score": 0.22923902747079256, "support": 2765.0}, "spy": {"precision": 0.6106194690265486, "recall": 0.6291793313069909, "f1-score": 0.6197604790419162, "support": 329.0}, "spy++trojan": {"precision": 0.08333333333333333, "recall": 0.20833333333333334, "f1-score": 0.11904761904761904, "support": 24.0}, "spyware": {"precision": 0.6174957118353345, "recall": 0.2731411229135053, "f1-score": 0.37874802735402413, "support": 1318.0}, "trj": {"precision": 0.3333333333333333, "recall": 0.005319148936170213, "f1-score": 0.010471204188481676, "support": 188.0}, "troj": {"precision": 0.30985915492957744, "recall": 0.03323262839879154, "f1-score": 0.06002728512960437, "support": 662.0}, "trojan": {"precision": 0.6557929176289453, "recall": 0.1900923265738752, "f1-score": 0.2947473131068486, "support": 35851.0}, "trojandownloader": {"precision": 0.2, "recall": 0.37168141592920356, "f1-score": 0.26006191950464397, "support": 113.0}, "trojandropper": {"precision": 0.0967741935483871, "recall": 0.5142857142857142, "f1-score": 0.16289592760180993, "support": 35.0}, "virus": {"precision": 0.8333333333333334, "recall": 0.39473684210526316, "f1-score": 0.5357142857142857, "support": 38.0}, "worm": {"precision": 0.0, "recall": 0.0, "f1-score": 0.0, "support": 44.0}, "accuracy": 0.7513450551888624, "macro avg": {"precision": 0.34659133304428275, "recall": 0.3896181438376426, "f1-score": 0.2717633270381147, "support": 252406.0}, "weighted avg": {"precision": 0.7445587909991032, "recall": 0.7513450551888624, "f1-score": 0.703658795802906, "support": 252406.0}}