{"benign": {"precision": 0.9824892703862661, "recall": 0.3616658240647118, "f1-score": 0.5287080234652871, "support": 15824.0}, "malicious": {"precision": 0.9590357732347585, "recall": 0.9995688598456349, "f1-score": 0.9788829028712878, "support": 236582.0}, "accuracy": 0.9595770306569574, "macro avg": {"precision": 0.9707625218105123, "recall": 0.6806173419551733, "f1-score": 0.7537954631682875, "support": 252406.0}, "weighted avg": {"precision": 0.9605061350285569, "recall": 0.9595770306569574, "f1-score": 0.9506602485297881, "support": 252406.0}}