{"addisplay": {"precision": 0.5879345603271984, "recall": 0.1647092523632197, "f1-score": 0.2573282613560081, "support": 3491.0}, "addisplay++adware": {"precision": 0.14285714285714285, "recall": 0.11864406779661017, "f1-score": 0.12962962962962962, "support": 59.0}, "adload": {"precision": 0.2839506172839506, "recall": 0.6865671641791045, "f1-score": 0.4017467248908297, "support": 67.0}, "adsware": {"precision": 0.0, "recall": 0.0, "f1-score": 0.0, "support": 530.0}, "adware": {"precision": 0.7878043517187866, "recall": 0.9699873369061348, "f1-score": 0.8694548393553438, "support": 176892.0}, "adware++adware": {"precision": 0.4735099337748344, "recall": 0.28542914171656686, "f1-score": 0.3561643835616438, "support": 501.0}, "adware++grayware++virus": {"precision": 0.19469026548672566, "recall": 0.5269461077844312, "f1-score": 0.284329563812601, "support": 167.0}, "adware++virus": {"precision": 0.3, "recall": 0.05454545454545454, "f1-score": 0.0923076923076923, "support": 55.0}, "adwareare": {"precision": 0.05, "recall": 0.7419354838709677, "f1-score": 0.09368635437881874, "support": 31.0}, "backdoor": {"precision": 0.1326530612244898, "recall": 0.10743801652892562, "f1-score": 0.11872146118721462, "support": 121.0}, "banker++trojan": {"precision": 0.21220930232558138, "recall": 0.33031674208144796, "f1-score": 0.25840707964601767, "support": 221.0}, "benign": {"precision": 0.8153405838580423, "recall": 0.4500758341759353, "f1-score": 0.5799910419805367, "support": 15824.0}, "click": {"precision": 0.18811881188118812, "recall": 0.8636363636363636, "f1-score": 0.30894308943089427, "support": 22.0}, "clicker": {"precision": 0.06666666666666667, "recall": 0.20754716981132076, "f1-score": 0.10091743119266056, "support": 53.0}, "clicker++trojan": {"precision": 0.7006802721088435, "recall": 0.7190226876090751, "f1-score": 0.7097329888027563, "support": 573.0}, "clickfraud++riskware": {"precision": 0.35051546391752575, "recall": 0.918918918918919, "f1-score": 0.5074626865671642, "support": 74.0}, "downloader": {"precision": 0.4082313681868743, "recall": 0.7347347347347347, "f1-score": 0.5248480514837326, "support": 999.0}, "dropper++trojan": {"precision": 0.1529051987767584, "recall": 0.42016806722689076, "f1-score": 0.22421524663677128, "support": 119.0}, "exploit": {"precision": 0.8326403326403327, "recall": 0.717741935483871, "f1-score": 0.7709335899903753, "support": 1116.0}, "fakeangry": {"precision": 0.16129032258064516, "recall": 0.11904761904761904, "f1-score": 0.136986301369863, "support": 42.0}, "fakeapp": {"precision": 0.13229571984435798, "recall": 0.8, "f1-score": 0.22704507512520872, "support": 85.0}, "fakeapp++trojan": {"precision": 0.08997429305912596, "recall": 0.6862745098039216, "f1-score": 0.1590909090909091, "support": 51.0}, "fakeinst++trojan": {"precision": 0.1600831600831601, "recall": 0.5384615384615384, "f1-score": 0.24679487179487178, "support": 143.0}, "gray": {"precision": 0.08571428571428572, "recall": 0.5351351351351351, "f1-score": 0.14776119402985075, "support": 185.0}, "hacktool": {"precision": 0.20689655172413793, "recall": 0.1651376146788991, "f1-score": 0.1836734693877551, "support": 109.0}, "malware": {"precision": 0.0, "recall": 0.0, "f1-score": 0.0, "support": 501.0}, "malware++trj": {"precision": 0.725609756097561, "recall": 0.9754098360655737, "f1-score": 0.8321678321678323, "support": 122.0}, "monitor": {"precision": 0.704225352112676, "recall": 0.922509225092251, "f1-score": 0.7987220447284346, "support": 271.0}, "ransom++trojan": {"precision": 0.375, "recall": 0.7532467532467533, "f1-score": 0.5007194244604316, "support": 231.0}, "risktool++riskware++virus": {"precision": 0.038135593220338986, "recall": 0.3, "f1-score": 0.06766917293233082, "support": 30.0}, "riskware": {"precision": 0.7345971563981043, "recall": 0.04879584448292146, "f1-score": 0.0915129151291513, "support": 6353.0}, "riskware++smssend": {"precision": 0.04607046070460705, "recall": 0.3469387755102041, "f1-score": 0.0813397129186603, "support": 49.0}, "rog": {"precision": 0.5887573964497042, "recall": 0.5037974683544304, "f1-score": 0.5429740791268759, "support": 395.0}, "rootnik++trojan": {"precision": 0.039832285115303984, "recall": 0.4222222222222222, "f1-score": 0.07279693486590039, "support": 45.0}, "smssend": {"precision": 0.47876447876447875, "recall": 0.18989280245022971, "f1-score": 0.2719298245614035, "support": 653.0}, "smssend++trojan": {"precision": 0.8571428571428571, "recall": 0.17462165308498254, "f1-score": 0.2901353965183752, "support": 859.0}, "spr": {"precision": 0.8822115384615384, "recall": 0.13273056057866184, "f1-score": 0.23074504872681545, "support": 2765.0}, "spy": {"precision": 0.6153846153846154, "recall": 0.6322188449848024, "f1-score": 0.623688155922039, "support": 329.0}, "spy++trojan": {"precision": 0.175, "recall": 0.2916666666666667, "f1-score": 0.21875, "support": 24.0}, "spyware": {"precision": 0.7773584905660378, "recall": 0.15629742033383914, "f1-score": 0.2602653190145293, "support": 1318.0}, "trj": {"precision": 0.6136363636363636, "recall": 0.14361702127659576, "f1-score": 0.23275862068965517, "support": 188.0}, "troj": {"precision": 0.4387755102040816, "recall": 0.0649546827794562, "f1-score": 0.11315789473684211, "support": 662.0}, "trojan": {"precision": 0.6923485653560042, "recall": 0.21806923098379405, "f1-score": 0.3316717222069024, "support": 35851.0}, "trojandownloader": {"precision": 0.23958333333333334, "recall": 0.40707964601769914, "f1-score": 0.3016393442622951, "support": 113.0}, "trojandropper": {"precision": 0.13008130081300814, "recall": 0.45714285714285713, "f1-score": 0.20253164556962028, "support": 35.0}, "virus": {"precision": 0.7037037037037037, "recall": 0.5, "f1-score": 0.5846153846153846, "support": 38.0}, "worm": {"precision": 0.023076923076923078, "recall": 0.06818181818181818, "f1-score": 0.034482758620689655, "support": 44.0}, "accuracy": 0.761487444830947, "macro avg": {"precision": 0.3701331477996147, "recall": 0.41642157927559237, "f1-score": 0.30583925891028335, "support": 252406.0}, "weighted avg": {"precision": 0.7600447900418051, "recall": 0.761487444830947, "f1-score": 0.7176161549084757, "support": 252406.0}}