{"benign": {"precision": 0.0, "recall": 0.0, "f1-score": 0.0, "support": 15824.0}, "malicious": {"precision": 0.9373073540248646, "recall": 1.0, "f1-score": 0.9676392876716811, "support": 236582.0}, "accuracy": 0.9373073540248646, "macro avg": {"precision": 0.4686536770124323, "recall": 0.5, "f1-score": 0.48381964383584053, "support": 252406.0}, "weighted avg": {"precision": 0.878545075909093, "recall": 0.9373073540248646, "f1-score": 0.9069754203780483, "support": 252406.0}}