{"addisplay": {"precision": 0.2365038560411311, "recall": 0.052706960756230305, "f1-score": 0.08620285781213398, "support": 3491.0}, "addisplay++adware": {"precision": 0.0, "recall": 0.0, "f1-score": 0.0, "support": 59.0}, "adload": {"precision": 0.0, "recall": 0.0, "f1-score": 0.0, "support": 67.0}, "adsware": {"precision": 0.05454545454545454, "recall": 0.005660377358490566, "f1-score": 0.010256410256410256, "support": 530.0}, "adware": {"precision": 0.7523026005577436, "recall": 0.9470467856092983, "f1-score": 0.8385159231683664, "support": 176892.0}, "adware++adware": {"precision": 0.2491103202846975, "recall": 0.13972055888223553, "f1-score": 0.17902813299232737, "support": 501.0}, "adware++grayware++virus": {"precision": 0.2634730538922156, "recall": 0.5269461077844312, "f1-score": 0.3512974051896208, "support": 167.0}, "adware++virus": {"precision": 0.0299625468164794, "recall": 0.14545454545454545, "f1-score": 0.04968944099378882, "support": 55.0}, "adwareare": {"precision": 0.2727272727272727, "recall": 0.0967741935483871, "f1-score": 0.14285714285714285, "support": 31.0}, "backdoor": {"precision": 0.06451612903225806, "recall": 0.06611570247933884, "f1-score": 0.06530612244897958, "support": 121.0}, "banker++trojan": {"precision": 0.05263157894736842, "recall": 0.00904977375565611, "f1-score": 0.015444015444015446, "support": 221.0}, "benign": {"precision": 0.8286728806036396, "recall": 0.11798533872598585, "f1-score": 0.20656082314543345, "support": 15824.0}, "click": {"precision": 0.04, "recall": 0.2727272727272727, "f1-score": 0.06976744186046512, "support": 22.0}, "clicker": {"precision": 0.02729044834307992, "recall": 0.2641509433962264, "f1-score": 0.04946996466431095, "support": 53.0}, "clicker++trojan": {"precision": 0.7741935483870968, "recall": 0.08376963350785341, "f1-score": 0.15118110236220472, "support": 573.0}, "clickfraud++riskware": {"precision": 0.0, "recall": 0.0, "f1-score": 0.0, "support": 74.0}, "downloader": {"precision": 0.4799196787148594, "recall": 0.7177177177177178, "f1-score": 0.5752105896510228, "support": 999.0}, "dropper++trojan": {"precision": 0.04965156794425087, "recall": 0.4789915966386555, "f1-score": 0.08997632202052092, "support": 119.0}, "exploit": {"precision": 0.7368421052631579, "recall": 0.12544802867383512, "f1-score": 0.21439509954058192, "support": 1116.0}, "fakeangry": {"precision": 0.019630484988452657, "recall": 0.40476190476190477, "f1-score": 0.03744493392070485, "support": 42.0}, "fakeapp": {"precision": 0.14782608695652175, "recall": 0.4, "f1-score": 0.21587301587301588, "support": 85.0}, "fakeapp++trojan": {"precision": 0.0625, "recall": 0.0196078431372549, "f1-score": 0.029850746268656716, "support": 51.0}, "fakeinst++trojan": {"precision": 0.10377358490566038, "recall": 0.15384615384615385, "f1-score": 0.12394366197183102, "support": 143.0}, "gray": {"precision": 0.14285714285714285, "recall": 0.016216216216216217, "f1-score": 0.02912621359223301, "support": 185.0}, "hacktool": {"precision": 0.058823529411764705, "recall": 0.027522935779816515, "f1-score": 0.0375, "support": 109.0}, "malware": {"precision": 0.12462006079027356, "recall": 0.08183632734530938, "f1-score": 0.09879518072289156, "support": 501.0}, "malware++trj": {"precision": 0.0, "recall": 0.0, "f1-score": 0.0, "support": 122.0}, "monitor": {"precision": 0.8888888888888888, "recall": 0.6199261992619927, "f1-score": 0.7304347826086957, "support": 271.0}, "ransom++trojan": {"precision": 0.0, "recall": 0.0, "f1-score": 0.0, "support": 231.0}, "risktool++riskware++virus": {"precision": 0.012903225806451613, "recall": 0.2, "f1-score": 0.02424242424242424, "support": 30.0}, "riskware": {"precision": 0.3558951965065502, "recall": 0.15394301904611996, "f1-score": 0.2149214372047028, "support": 6353.0}, "riskware++smssend": {"precision": 0.15833333333333333, "recall": 0.3877551020408163, "f1-score": 0.22485207100591714, "support": 49.0}, "rog": {"precision": 0.33783783783783783, "recall": 0.189873417721519, "f1-score": 0.24311183144246357, "support": 395.0}, "rootnik++trojan": {"precision": 0.04573170731707317, "recall": 0.3333333333333333, "f1-score": 0.0804289544235925, "support": 45.0}, "smssend": {"precision": 0.16233766233766234, "recall": 0.11485451761102604, "f1-score": 0.13452914798206278, "support": 653.0}, "smssend++trojan": {"precision": 0.15384615384615385, "recall": 0.004656577415599534, "f1-score": 0.00903954802259887, "support": 859.0}, "spr": {"precision": 0.3, "recall": 0.00216998191681736, "f1-score": 0.004308797127468581, "support": 2765.0}, "spy": {"precision": 0.25, "recall": 0.09422492401215805, "f1-score": 0.1368653421633554, "support": 329.0}, "spy++trojan": {"precision": 0.0, "recall": 0.0, "f1-score": 0.0, "support": 24.0}, "spyware": {"precision": 0.5358974358974359, "recall": 0.15857359635811835, "f1-score": 0.24473067915690863, "support": 1318.0}, "trj": {"precision": 0.22826086956521738, "recall": 0.11170212765957446, "f1-score": 0.15, "support": 188.0}, "troj": {"precision": 0.23478260869565218, "recall": 0.04078549848942598, "f1-score": 0.0694980694980695, "support": 662.0}, "trojan": {"precision": 0.5134159292035398, "recall": 0.20228166578338122, "f1-score": 0.29021930526652795, "support": 35851.0}, "trojandownloader": {"precision": 0.0625, "recall": 0.035398230088495575, "f1-score": 0.04519774011299435, "support": 113.0}, "trojandropper": {"precision": 0.008417508417508417, "recall": 0.14285714285714285, "f1-score": 0.01589825119236884, "support": 35.0}, "virus": {"precision": 0.036036036036036036, "recall": 0.10526315789473684, "f1-score": 0.053691275167785234, "support": 38.0}, "worm": {"precision": 0.014084507042253521, "recall": 0.022727272727272728, "f1-score": 0.017391304347826087, "support": 44.0}, "accuracy": 0.7121898845510805, "macro avg": {"precision": 0.21003282622855568, "recall": 0.17179537621958188, "f1-score": 0.13525645761111535, "support": 252406.0}, "weighted avg": {"precision": 0.6823860710626728, "recall": 0.7121898845510805, "f1-score": 0.6565584484556523, "support": 252406.0}}